file,class,method,variable,usage
C:\Users\jeffr\OneDrive\Desktop\Empolyee-Management-System-master\EMS\src\Employee\add_employee.java,Employee.add_employee,add_employee/0,img,1
C:\Users\jeffr\OneDrive\Desktop\Empolyee-Management-System-master\EMS\src\Employee\add_employee.java,Employee.add_employee,main/1[java.lang.String[]],args,0
C:\Users\jeffr\OneDrive\Desktop\Empolyee-Management-System-master\EMS\src\Employee\add_employee.java,Employee.add_employee,actionPerformed/1[java.awt.event.ActionEvent],bb,1
C:\Users\jeffr\OneDrive\Desktop\Empolyee-Management-System-master\EMS\src\Employee\add_employee.java,Employee.add_employee,actionPerformed/1[java.awt.event.ActionEvent],ff,1
C:\Users\jeffr\OneDrive\Desktop\Empolyee-Management-System-master\EMS\src\Employee\add_employee.java,Employee.add_employee,actionPerformed/1[java.awt.event.ActionEvent],cc,1
C:\Users\jeffr\OneDrive\Desktop\Empolyee-Management-System-master\EMS\src\Employee\add_employee.java,Employee.add_employee,actionPerformed/1[java.awt.event.ActionEvent],ee,1
C:\Users\jeffr\OneDrive\Desktop\Empolyee-Management-System-master\EMS\src\Employee\add_employee.java,Employee.add_employee,actionPerformed/1[java.awt.event.ActionEvent],a,1
C:\Users\jeffr\OneDrive\Desktop\Empolyee-Management-System-master\EMS\src\Employee\add_employee.java,Employee.add_employee,actionPerformed/1[java.awt.event.ActionEvent],c,1
C:\Users\jeffr\OneDrive\Desktop\Empolyee-Management-System-master\EMS\src\Employee\add_employee.java,Employee.add_employee,actionPerformed/1[java.awt.event.ActionEvent],ae,3
C:\Users\jeffr\OneDrive\Desktop\Empolyee-Management-System-master\EMS\src\Employee\add_employee.java,Employee.add_employee,actionPerformed/1[java.awt.event.ActionEvent],d,1
C:\Users\jeffr\OneDrive\Desktop\Empolyee-Management-System-master\EMS\src\Employee\add_employee.java,Employee.add_employee,actionPerformed/1[java.awt.event.ActionEvent],e,1
C:\Users\jeffr\OneDrive\Desktop\Empolyee-Management-System-master\EMS\src\Employee\add_employee.java,Employee.add_employee,actionPerformed/1[java.awt.event.ActionEvent],g,1
C:\Users\jeffr\OneDrive\Desktop\Empolyee-Management-System-master\EMS\src\Employee\add_employee.java,Employee.add_employee,actionPerformed/1[java.awt.event.ActionEvent],h,1
C:\Users\jeffr\OneDrive\Desktop\Empolyee-Management-System-master\EMS\src\Employee\add_employee.java,Employee.add_employee,actionPerformed/1[java.awt.event.ActionEvent],i,1
C:\Users\jeffr\OneDrive\Desktop\Empolyee-Management-System-master\EMS\src\Employee\add_employee.java,Employee.add_employee,actionPerformed/1[java.awt.event.ActionEvent],j,1
C:\Users\jeffr\OneDrive\Desktop\Empolyee-Management-System-master\EMS\src\Employee\add_employee.java,Employee.add_employee,actionPerformed/1[java.awt.event.ActionEvent],k,1
C:\Users\jeffr\OneDrive\Desktop\Empolyee-Management-System-master\EMS\src\Employee\add_employee.java,Employee.add_employee,actionPerformed/1[java.awt.event.ActionEvent],q,1
C:\Users\jeffr\OneDrive\Desktop\Empolyee-Management-System-master\EMS\src\Employee\conn.java,Employee.conn,conn/0,e,1
C:\Users\jeffr\OneDrive\Desktop\Empolyee-Management-System-master\EMS\src\Employee\search_employee.java,Employee.search_employee,actionPerformed/1[java.awt.event.ActionEvent],p,0
C:\Users\jeffr\OneDrive\Desktop\Empolyee-Management-System-master\EMS\src\Employee\search_employee.java,Employee.search_employee,actionPerformed/1[java.awt.event.ActionEvent],eid,1
C:\Users\jeffr\OneDrive\Desktop\Empolyee-Management-System-master\EMS\src\Employee\search_employee.java,Employee.search_employee,actionPerformed/1[java.awt.event.ActionEvent],ae,2
C:\Users\jeffr\OneDrive\Desktop\Empolyee-Management-System-master\EMS\src\Employee\search_employee.java,Employee.search_employee,actionPerformed/1[java.awt.event.ActionEvent],d,0
C:\Users\jeffr\OneDrive\Desktop\Empolyee-Management-System-master\EMS\src\Employee\search_employee.java,Employee.search_employee,search_employee/0,img,1
C:\Users\jeffr\OneDrive\Desktop\Empolyee-Management-System-master\EMS\src\Employee\search_employee.java,Employee.search_employee,search_employee/0,F1,1
C:\Users\jeffr\OneDrive\Desktop\Empolyee-Management-System-master\EMS\src\Employee\search_employee.java,Employee.search_employee,main/1[java.lang.String[]],ar,0
C:\Users\jeffr\OneDrive\Desktop\Empolyee-Management-System-master\EMS\src\Employee\search_employee.java,Employee.search_employee,main/1[java.lang.String[]],v,0
C:\Users\jeffr\OneDrive\Desktop\Empolyee-Management-System-master\EMS\src\Employee\update_employee.java,Employee.update_employee,update_employee/1[java.lang.String],img,1
C:\Users\jeffr\OneDrive\Desktop\Empolyee-Management-System-master\EMS\src\Employee\update_employee.java,Employee.update_employee,update_employee/1[java.lang.String],idaa,2
C:\Users\jeffr\OneDrive\Desktop\Empolyee-Management-System-master\EMS\src\Employee\update_employee.java,Employee.update_employee,actionPerformed/1[java.awt.event.ActionEvent],str,1
C:\Users\jeffr\OneDrive\Desktop\Empolyee-Management-System-master\EMS\src\Employee\update_employee.java,Employee.update_employee,actionPerformed/1[java.awt.event.ActionEvent],con,1
C:\Users\jeffr\OneDrive\Desktop\Empolyee-Management-System-master\EMS\src\Employee\update_employee.java,Employee.update_employee,actionPerformed/1[java.awt.event.ActionEvent],ae,2
C:\Users\jeffr\OneDrive\Desktop\Empolyee-Management-System-master\EMS\src\Employee\update_employee.java,Employee.update_employee,actionPerformed/1[java.awt.event.ActionEvent],d,0
C:\Users\jeffr\OneDrive\Desktop\Empolyee-Management-System-master\EMS\src\Employee\update_employee.java,Employee.update_employee,actionPerformed/1[java.awt.event.ActionEvent],e,1
C:\Users\jeffr\OneDrive\Desktop\Empolyee-Management-System-master\EMS\src\Employee\update_employee.java,Employee.update_employee,showData/1[java.lang.String],str,1
C:\Users\jeffr\OneDrive\Desktop\Empolyee-Management-System-master\EMS\src\Employee\update_employee.java,Employee.update_employee,showData/1[java.lang.String],rs,12
C:\Users\jeffr\OneDrive\Desktop\Empolyee-Management-System-master\EMS\src\Employee\update_employee.java,Employee.update_employee,showData/1[java.lang.String],con,1
C:\Users\jeffr\OneDrive\Desktop\Empolyee-Management-System-master\EMS\src\Employee\update_employee.java,Employee.update_employee,showData/1[java.lang.String],ex,0
C:\Users\jeffr\OneDrive\Desktop\Empolyee-Management-System-master\EMS\src\Employee\update_employee.java,Employee.update_employee,showData/1[java.lang.String],id,1
C:\Users\jeffr\OneDrive\Desktop\Empolyee-Management-System-master\EMS\src\Employee\update_employee.java,Employee.update_employee,main/1[java.lang.String[]],arg,0
C:\Users\jeffr\OneDrive\Desktop\Empolyee-Management-System-master\EMS\src\Employee\details_page.java,Employee.details_page,details_page/0,i1,1
C:\Users\jeffr\OneDrive\Desktop\Empolyee-Management-System-master\EMS\src\Employee\details_page.java,Employee.details_page,actionPerformed/1[java.awt.event.ActionEvent],e,4
C:\Users\jeffr\OneDrive\Desktop\Empolyee-Management-System-master\EMS\src\Employee\details_page.java,Employee.details_page,main/1[java.lang.String[]],args,0
C:\Users\jeffr\OneDrive\Desktop\Empolyee-Management-System-master\EMS\src\Employee\details_page.java,Employee.details_page,main/1[java.lang.String[]],det,0
C:\Users\jeffr\OneDrive\Desktop\Empolyee-Management-System-master\EMS\src\Employee\print_data.java,Employee.print_data,print_data/1[java.lang.String],str,1
C:\Users\jeffr\OneDrive\Desktop\Empolyee-Management-System-master\EMS\src\Employee\print_data.java,Employee.print_data,print_data/1[java.lang.String],rs,12
C:\Users\jeffr\OneDrive\Desktop\Empolyee-Management-System-master\EMS\src\Employee\print_data.java,Employee.print_data,print_data/1[java.lang.String],img,1
C:\Users\jeffr\OneDrive\Desktop\Empolyee-Management-System-master\EMS\src\Employee\print_data.java,Employee.print_data,print_data/1[java.lang.String],e,1
C:\Users\jeffr\OneDrive\Desktop\Empolyee-Management-System-master\EMS\src\Employee\print_data.java,Employee.print_data,print_data/1[java.lang.String],e_id,1
C:\Users\jeffr\OneDrive\Desktop\Empolyee-Management-System-master\EMS\src\Employee\print_data.java,Employee.print_data,print_data/1[java.lang.String],co,1
C:\Users\jeffr\OneDrive\Desktop\Empolyee-Management-System-master\EMS\src\Employee\print_data.java,Employee.print_data,main/1[java.lang.String[]],args,0
C:\Users\jeffr\OneDrive\Desktop\Empolyee-Management-System-master\EMS\src\Employee\print_data.java,Employee.print_data,actionPerformed/1[java.awt.event.ActionEvent],ae,2
C:\Users\jeffr\OneDrive\Desktop\Empolyee-Management-System-master\EMS\src\Employee\print_data.java,Employee.print_data,actionPerformed/1[java.awt.event.ActionEvent],d,0
C:\Users\jeffr\OneDrive\Desktop\Empolyee-Management-System-master\EMS\src\Employee\login_page.java,Employee.login_page,main/1[java.lang.String[]],args,0
C:\Users\jeffr\OneDrive\Desktop\Empolyee-Management-System-master\EMS\src\Employee\login_page.java,Employee.login_page,main/1[java.lang.String[]],login,0
C:\Users\jeffr\OneDrive\Desktop\Empolyee-Management-System-master\EMS\src\Employee\login_page.java,Employee.login_page,actionPerformed/1[java.awt.event.ActionEvent],p,1
C:\Users\jeffr\OneDrive\Desktop\Empolyee-Management-System-master\EMS\src\Employee\login_page.java,Employee.login_page,actionPerformed/1[java.awt.event.ActionEvent],q,1
C:\Users\jeffr\OneDrive\Desktop\Empolyee-Management-System-master\EMS\src\Employee\login_page.java,Employee.login_page,actionPerformed/1[java.awt.event.ActionEvent],rs,1
C:\Users\jeffr\OneDrive\Desktop\Empolyee-Management-System-master\EMS\src\Employee\login_page.java,Employee.login_page,actionPerformed/1[java.awt.event.ActionEvent],ex,1
C:\Users\jeffr\OneDrive\Desktop\Empolyee-Management-System-master\EMS\src\Employee\login_page.java,Employee.login_page,actionPerformed/1[java.awt.event.ActionEvent],e,1
C:\Users\jeffr\OneDrive\Desktop\Empolyee-Management-System-master\EMS\src\Employee\login_page.java,Employee.login_page,actionPerformed/1[java.awt.event.ActionEvent],u,1
C:\Users\jeffr\OneDrive\Desktop\Empolyee-Management-System-master\EMS\src\Employee\login_page.java,Employee.login_page,actionPerformed/1[java.awt.event.ActionEvent],c1,1
C:\Users\jeffr\OneDrive\Desktop\Empolyee-Management-System-master\EMS\src\Employee\login_page.java,Employee.login_page,login_page/0,l3,2
C:\Users\jeffr\OneDrive\Desktop\Empolyee-Management-System-master\EMS\src\Employee\login_page.java,Employee.login_page,login_page/0,i1,1
C:\Users\jeffr\OneDrive\Desktop\Empolyee-Management-System-master\EMS\src\Employee\login_page.java,Employee.login_page,login_page/0,i2,1
C:\Users\jeffr\OneDrive\Desktop\Empolyee-Management-System-master\EMS\src\Employee\login_page.java,Employee.login_page,login_page/0,i3,1
C:\Users\jeffr\OneDrive\Desktop\Empolyee-Management-System-master\EMS\src\Employee\remove_employee.java,Employee.remove_employee,main/1[java.lang.String[]],ar,0
C:\Users\jeffr\OneDrive\Desktop\Empolyee-Management-System-master\EMS\src\Employee\remove_employee.java,Employee.remove_employee,remove_employee/0,F6,1
C:\Users\jeffr\OneDrive\Desktop\Empolyee-Management-System-master\EMS\src\Employee\remove_employee.java,Employee.remove_employee,remove_employee/0,F7,1
C:\Users\jeffr\OneDrive\Desktop\Empolyee-Management-System-master\EMS\src\Employee\remove_employee.java,Employee.remove_employee,remove_employee/0,img,1
C:\Users\jeffr\OneDrive\Desktop\Empolyee-Management-System-master\EMS\src\Employee\remove_employee.java,Employee.remove_employee,remove_employee/0,f8,1
C:\Users\jeffr\OneDrive\Desktop\Empolyee-Management-System-master\EMS\src\Employee\remove_employee.java,Employee.remove_employee,remove_employee/0,f2,1
C:\Users\jeffr\OneDrive\Desktop\Empolyee-Management-System-master\EMS\src\Employee\remove_employee.java,Employee.remove_employee,remove_employee/0,f3,1
C:\Users\jeffr\OneDrive\Desktop\Empolyee-Management-System-master\EMS\src\Employee\remove_employee.java,Employee.remove_employee,remove_employee/0,f4,1
C:\Users\jeffr\OneDrive\Desktop\Empolyee-Management-System-master\EMS\src\Employee\remove_employee.java,Employee.remove_employee,remove_employee/0,F5,1
C:\Users\jeffr\OneDrive\Desktop\Empolyee-Management-System-master\EMS\src\Employee\remove_employee.java,Employee.remove_employee,actionPerformed/1[java.awt.event.ActionEvent],str,3
C:\Users\jeffr\OneDrive\Desktop\Empolyee-Management-System-master\EMS\src\Employee\remove_employee.java,Employee.remove_employee,actionPerformed/1[java.awt.event.ActionEvent],rs,4
C:\Users\jeffr\OneDrive\Desktop\Empolyee-Management-System-master\EMS\src\Employee\remove_employee.java,Employee.remove_employee,actionPerformed/1[java.awt.event.ActionEvent],mob,1
C:\Users\jeffr\OneDrive\Desktop\Empolyee-Management-System-master\EMS\src\Employee\remove_employee.java,Employee.remove_employee,actionPerformed/1[java.awt.event.ActionEvent],con,3
C:\Users\jeffr\OneDrive\Desktop\Empolyee-Management-System-master\EMS\src\Employee\remove_employee.java,Employee.remove_employee,actionPerformed/1[java.awt.event.ActionEvent],ex,2
C:\Users\jeffr\OneDrive\Desktop\Empolyee-Management-System-master\EMS\src\Employee\remove_employee.java,Employee.remove_employee,actionPerformed/1[java.awt.event.ActionEvent],ae,4
C:\Users\jeffr\OneDrive\Desktop\Empolyee-Management-System-master\EMS\src\Employee\remove_employee.java,Employee.remove_employee,actionPerformed/1[java.awt.event.ActionEvent],d,1
C:\Users\jeffr\OneDrive\Desktop\Empolyee-Management-System-master\EMS\src\Employee\remove_employee.java,Employee.remove_employee,actionPerformed/1[java.awt.event.ActionEvent],name,1
C:\Users\jeffr\OneDrive\Desktop\Empolyee-Management-System-master\EMS\src\Employee\remove_employee.java,Employee.remove_employee,actionPerformed/1[java.awt.event.ActionEvent],i,2
C:\Users\jeffr\OneDrive\Desktop\Empolyee-Management-System-master\EMS\src\Employee\remove_employee.java,Employee.remove_employee,actionPerformed/1[java.awt.event.ActionEvent],email,1
C:\Users\jeffr\OneDrive\Desktop\Empolyee-Management-System-master\EMS\src\Employee\view_employee.java,Employee.view_employee,main/1[java.lang.String[]],ar,0
C:\Users\jeffr\OneDrive\Desktop\Empolyee-Management-System-master\EMS\src\Employee\view_employee.java,Employee.view_employee,main/1[java.lang.String[]],v,0
C:\Users\jeffr\OneDrive\Desktop\Empolyee-Management-System-master\EMS\src\Employee\view_employee.java,Employee.view_employee,view_employee/0,img,1
C:\Users\jeffr\OneDrive\Desktop\Empolyee-Management-System-master\EMS\src\Employee\view_employee.java,Employee.view_employee,view_employee/0,F1,1
C:\Users\jeffr\OneDrive\Desktop\Empolyee-Management-System-master\EMS\src\Employee\view_employee.java,Employee.view_employee,actionPerformed/1[java.awt.event.ActionEvent],p,0
C:\Users\jeffr\OneDrive\Desktop\Empolyee-Management-System-master\EMS\src\Employee\view_employee.java,Employee.view_employee,actionPerformed/1[java.awt.event.ActionEvent],ae,2
C:\Users\jeffr\OneDrive\Desktop\Empolyee-Management-System-master\EMS\src\Employee\view_employee.java,Employee.view_employee,actionPerformed/1[java.awt.event.ActionEvent],d,0
C:\Users\jeffr\OneDrive\Desktop\Empolyee-Management-System-master\EMS\src\Employee\welcome_page.java,Employee.welcome_page,actionPerformed/1[java.awt.event.ActionEvent],ae,0
C:\Users\jeffr\OneDrive\Desktop\Empolyee-Management-System-master\EMS\src\Employee\welcome_page.java,Employee.welcome_page,welcome_page/0,b,5
C:\Users\jeffr\OneDrive\Desktop\Empolyee-Management-System-master\EMS\src\Employee\welcome_page.java,Employee.welcome_page,welcome_page/0,l1,2
C:\Users\jeffr\OneDrive\Desktop\Empolyee-Management-System-master\EMS\src\Employee\welcome_page.java,Employee.welcome_page,welcome_page/0,lid,5
C:\Users\jeffr\OneDrive\Desktop\Empolyee-Management-System-master\EMS\src\Employee\welcome_page.java,Employee.welcome_page,welcome_page/0,i1,1
C:\Users\jeffr\OneDrive\Desktop\Empolyee-Management-System-master\EMS\src\Employee\welcome_page.java,Employee.welcome_page,welcome_page/0,i2,1
C:\Users\jeffr\OneDrive\Desktop\Empolyee-Management-System-master\EMS\src\Employee\welcome_page.java,Employee.welcome_page,welcome_page/0,i3,1
C:\Users\jeffr\OneDrive\Desktop\Empolyee-Management-System-master\EMS\src\Employee\welcome_page.java,Employee.welcome_page,welcome_page/0,id,5
C:\Users\jeffr\OneDrive\Desktop\Empolyee-Management-System-master\EMS\src\Employee\welcome_page.java,Employee.welcome_page,welcome_page/0,ex2,0
C:\Users\jeffr\OneDrive\Desktop\Empolyee-Management-System-master\EMS\src\Employee\welcome_page.java,Employee.welcome_page,welcome_page/0,ex1,0
C:\Users\jeffr\OneDrive\Desktop\Empolyee-Management-System-master\EMS\src\Employee\welcome_page.java,Employee.welcome_page,main/1[java.lang.String[]],args,0
C:\Users\jeffr\OneDrive\Desktop\Empolyee-Management-System-master\EMS\src\Employee\welcome_page.java,Employee.welcome_page,main/1[java.lang.String[]],wel,0
